"Gene","lib250_1_dt_bg3_1_42_on.unpaired_uniq","lib250_2_dt_bg3_2_42_on.unpaired_uniq","size"
"Drosophila_melanogaster_tRNA-Ala-AGC-1",7549.82934262399,8513.98847350096,1
"Drosophila_melanogaster_tRNA-Ala-AGC-2",147025.396369285,158574.047924625,11
"Drosophila_melanogaster_tRNA-Ala-CGC-1",38371.3040036174,37991.344569957,3
"Drosophila_melanogaster_tRNA-Ala-TGC-1",20157.1555486768,20372.8159962013,1
"Drosophila_melanogaster_tRNA-Ala-TGC-2",23186.4690226466,22926.2024537156,1
"Drosophila_melanogaster_tRNA-Arg-ACG-1",144954.00761243,132133.698753684,10
"Drosophila_melanogaster_tRNA-Arg-CCT-1",34193.9621959916,34249.564098111,3
"Drosophila_melanogaster_tRNA-Arg-TCG-1",8283.08614928171,8601.47760339041,1
"Drosophila_melanogaster_tRNA-Arg-TCG-3",2338.02759563928,2787.50088842215,4
"Drosophila_melanogaster_tRNA-Arg-TCT-1",25252.9200232274,26449.2601008379,1
"Drosophila_melanogaster_tRNA-Arg-TCT-2",1291.22326559593,1650.14219985932,1
"Drosophila_melanogaster_tRNA-Arg-TCT-3",134.553858460761,207.381641219433,1
"Drosophila_melanogaster_tRNA-Asn-GTT-1",195259.868529796,198447.218871741,10
"Drosophila_melanogaster_tRNA-Asp-GTC-2",137.022736597656,141.764793802347,1
"Drosophila_melanogaster_tRNA-Cys-GCA-1",72478.8554648177,62575.790068892,4
"Drosophila_melanogaster_tRNA-Cys-GCA-2",45069.3703890127,48371.7678144328,1
"Drosophila_melanogaster_tRNA-Cys-GCA-3",18006.7626914415,17513.2175840739,1
"Drosophila_melanogaster_tRNA-Cys-GCA-4",1291.22326559593,1633.94050913905,1
"Drosophila_melanogaster_tRNA-Gln-CTG-1",4758.76260886453,4256.99423675048,1
"Drosophila_melanogaster_tRNA-Gln-CTG-2",103618.81540547,109286.884584497,5
"Drosophila_melanogaster_tRNA-Gln-CTG-3",18382.0321682495,18331.4029654475,1
"Drosophila_melanogaster_tRNA-Gln-CTG-4",14481.2047119559,15978.9174728645,1
"Drosophila_melanogaster_tRNA-Gln-TTG-1",37535.5887542785,38632.1214379436,3
"Drosophila_melanogaster_tRNA-Gln-TTG-2",8117.67131410977,9130.46280540716,1
"Drosophila_melanogaster_tRNA-Glu-CTC-1",21060.7649467802,20032.5804910757,1
"Drosophila_melanogaster_tRNA-Glu-CTC-2",38216.9991200615,35578.912821709,3
"Drosophila_melanogaster_tRNA-Glu-CTC-3",219390.683439805,205758.231809263,9
"Drosophila_melanogaster_tRNA-Glu-CTC-5",7.4066344106841,3.24033814405365,1
"Drosophila_melanogaster_tRNA-Glu-CTC-6",0,0,1
"Drosophila_melanogaster_tRNA-Glu-TTC-1",82309.9282059323,68755.1149096023,6
"Drosophila_melanogaster_tRNA-Gly-GCC-1",204108.327772427,189252.759387989,13
"Drosophila_melanogaster_tRNA-Gly-GCC-2",11511.1443132715,11142.7127928645,1
"Drosophila_melanogaster_tRNA-Gly-TCC-1",47318.5183717238,47241.6998866941,4
"Drosophila_melanogaster_tRNA-Gly-TCC-2",21570.588282049,22744.7435176486,2
"Drosophila_melanogaster_tRNA-His-GTG-1",137252.342264387,132195.265178421,5
"Drosophila_melanogaster_tRNA-Ile-AAT-1",118076.565775126,128324.681265349,9
"Drosophila_melanogaster_tRNA-Ile-AAT-2",0,0,1
"Drosophila_melanogaster_tRNA-Ile-TAT-1",54969.5717179605,57377.4776012939,2
"Drosophila_melanogaster_tRNA-iMet-CAT-1",73918.2114186273,71352.2459320613,5
"Drosophila_melanogaster_tRNA-iMet-CAT-2",1723.2769395525,1177.05283082749,1
"Drosophila_melanogaster_tRNA-Leu-AAG-1",65019.1401741903,72703.4669381317,4
"Drosophila_melanogaster_tRNA-Leu-CAA-1",27167.5350183893,26467.8920451662,1
"Drosophila_melanogaster_tRNA-Leu-CAA-2",26340.4608425295,25719.3739338898,3
"Drosophila_melanogaster_tRNA-Leu-CAG-1",89680.7638836315,88890.5761367517,8
"Drosophila_melanogaster_tRNA-Leu-TAA-1",9005.23300432341,10117.9558548075,1
"Drosophila_melanogaster_tRNA-Leu-TAA-4",7126.41674214655,6940.80430456291,1
"Drosophila_melanogaster_tRNA-Leu-TAG-1",18442.5196826034,19627.538223069,2
"Drosophila_melanogaster_tRNA-Lys-CTT-1",153132.166440894,123673.17585956,13
"Drosophila_melanogaster_tRNA-Lys-TTT-1",11018.603124961,11423.8121268611,1
"Drosophila_melanogaster_tRNA-Lys-TTT-2",48208.5489400743,48938.8269896422,5
"Drosophila_melanogaster_tRNA-Met-CAT-1",55784.3015031357,53468.0096304932,5
"Drosophila_melanogaster_tRNA-Met-CAT-2",10781.5908238191,9777.72034968188,1
"Drosophila_melanogaster_tRNA-Phe-GAA-1",89984.4358944695,91693.4686313581,8
"Drosophila_melanogaster_tRNA-Pro-AGG-1",87919.2193329571,83723.8569660581,7
"Drosophila_melanogaster_tRNA-Pro-CGG-1",5827.78684213994,5417.8453768577,1
"Drosophila_melanogaster_tRNA-Pro-CGG-2",28609.3598503358,29923.7126757994,3
"Drosophila_melanogaster_tRNA-Pro-CGG-3",9049.67281078752,8405.43714567516,1
"Drosophila_melanogaster_tRNA-Pro-TGG-1",35627.1459544589,36029.3198237325,5
"Drosophila_melanogaster_tRNA-SeC-TCA-1",497.478944584282,597.032303041884,1
"Drosophila_melanogaster_tRNA-Ser-AGA-1",3126.83416037714,3262.21042652601,1
"Drosophila_melanogaster_tRNA-Ser-AGA-2",74529.2587575087,76374.7700553445,5
"Drosophila_melanogaster_tRNA-Ser-AGA-3",9895.26357267395,10040.9978238862,2
"Drosophila_melanogaster_tRNA-Ser-CGA-1",41894.3931049661,42547.2600004964,4
"Drosophila_melanogaster_tRNA-Ser-GCT-1",33529.8339771669,31491.2262529854,1
"Drosophila_melanogaster_tRNA-Ser-GCT-2",42579.5067879544,42418.4565592703,5
"Drosophila_melanogaster_tRNA-Ser-TGA-1",18261.0571395416,18525.0131695547,1
"Drosophila_melanogaster_tRNA-Ser-TGA-2",2621.94858138217,2432.68386164828,1
"Drosophila_melanogaster_tRNA-Thr-AGT-1",82577.8014837854,76564.3298367716,7
"Drosophila_melanogaster_tRNA-Thr-AGT-2",259.232204373943,212.242148435514,1
"Drosophila_melanogaster_tRNA-Thr-AGT-3",0,0,1
"Drosophila_melanogaster_tRNA-Thr-CGT-1",48909.7103309524,48036.3928165233,3
"Drosophila_melanogaster_tRNA-Thr-TGT-1",1438.12151474116,1484.07486997657,1
"Drosophila_melanogaster_tRNA-Thr-TGT-2",31127.6155499684,32163.5964178765,5
"Drosophila_melanogaster_tRNA-Trp-CCA-1",14089.887527258,13624.0017266736,2
"Drosophila_melanogaster_tRNA-Trp-CCA-2",65372.1897477663,63868.6849883694,6
"Drosophila_melanogaster_tRNA-Tyr-GTA-1",76340.180870921,80142.4732323428,8
"Drosophila_melanogaster_tRNA-Tyr-GTA-2",423.412600477441,430.154888623122,1
"Drosophila_melanogaster_tRNA-Val-AAC-1",14342.9475362898,13594.8386833771,2
"Drosophila_melanogaster_tRNA-Val-AAC-2",98750.1877195141,95350.1902269226,4
"Drosophila_melanogaster_tRNA-Val-CAC-1",11593.8517308575,12400.7740772933,1
"Drosophila_melanogaster_tRNA-Val-CAC-2",137907.829409733,142034.55195284,6
"Drosophila_melanogaster_tRNA-Val-TAC-1",26776.2178336915,26524.5979626871,2
"Escherichia_coli_str_K_12_substr_MG1655_tRNA-eColiLys-TTT-1",52659.9362208955,42157.609338674,1
